Title,URL
Broken Ear,https://www.bookchor.com/book/9781405208055/broken-ear
Castafiore Emerald,https://www.bookchor.com/book/9781405208055/broken-ear
Crab With The Golden Claws,https://www.bookchor.com/book/9781405208055/broken-ear
Red Sea Sharks,https://www.bookchor.com/book/9781405208055/broken-ear
Secret of the Unicorn,https://www.bookchor.com/book/9781405208055/broken-ear
Shooting Star,https://www.bookchor.com/book/9781405208055/broken-ear
Disney High School Musical 2,https://www.bookchor.com/book/9781405208055/broken-ear
Diary of a Soccer Star,https://www.bookchor.com/book/9781405208055/broken-ear
"Frankenstein: Or, The Modern Prometheus",https://www.bookchor.com/book/9781405208055/broken-ear
Akbar And Birbal,https://www.bookchor.com/book/9781405208055/broken-ear
A Cheese Colored Camper,https://www.bookchor.com/book/9781405208055/broken-ear
A Clan In Need,https://www.bookchor.com/book/9781405208055/broken-ear
Adventures of Super Diaper Baby,https://www.bookchor.com/book/9781405208055/broken-ear
"Big, Bad Battle of the Bionic Booger Boy",https://www.bookchor.com/book/9781405208055/broken-ear
Captain Underpants,https://www.bookchor.com/book/9781405208055/broken-ear
Captain Underpants and the Attack of the Talking Toilets,https://www.bookchor.com/book/9781405208055/broken-ear
Captain Underpants and the Attack of the Talking Toilets a,https://www.bookchor.com/book/9781405208055/broken-ear
Captain Underpants and the Invasion of the Incredibly Naught,https://www.bookchor.com/book/9781405208055/broken-ear
Captain Underpants and the Perilous Plot of Professor Poopypants: 4 Paperback,https://www.bookchor.com/book/9781405208055/broken-ear
Captain Underpants and the Preposterous Plight of the Purp,https://www.bookchor.com/book/9781405208055/broken-ear
Captain Underpants And The Wrath Of The Wicked Wedgie Woman,https://www.bookchor.com/book/9780439994804/captain-underpants-and-the-wrath-of-the-wicked-wedgie-woman
Captain Underpants Extra crunchy Book O Fun,https://www.bookchor.com/book/9780439994804/captain-underpants-and-the-wrath-of-the-wicked-wedgie-woman
Catching Fire (Hunger Games),https://www.bookchor.com/book/9780439994804/captain-underpants-and-the-wrath-of-the-wicked-wedgie-woman
Catching Fire (Hunger Games),https://www.bookchor.com/book/9780439994804/captain-underpants-and-the-wrath-of-the-wicked-wedgie-woman
Christmas Star board book,https://www.bookchor.com/book/9780439994804/captain-underpants-and-the-wrath-of-the-wicked-wedgie-woman
Creep from the Deep,https://www.bookchor.com/book/9780439994804/captain-underpants-and-the-wrath-of-the-wicked-wedgie-woman
"Dates, Double Dates and Big, Big Trouble",https://www.bookchor.com/book/9780439994804/captain-underpants-and-the-wrath-of-the-wicked-wedgie-woman
Deadly Rumours,https://www.bookchor.com/book/9780439994804/captain-underpants-and-the-wrath-of-the-wicked-wedgie-woman
Dr Maniac Vs Robby Schwartz,https://www.bookchor.com/book/9780439994804/captain-underpants-and-the-wrath-of-the-wicked-wedgie-woman
Super Diaper Baby 2   The Invasion of the Potty Snatchers,https://www.bookchor.com/book/9780439994804/captain-underpants-and-the-wrath-of-the-wicked-wedgie-woman
Geronimo and the Gold Medal Mystery,https://www.bookchor.com/book/9780439994804/captain-underpants-and-the-wrath-of-the-wicked-wedgie-woman
#10: All Because of a Cup of Coffee,https://www.bookchor.com/book/9780439994804/captain-underpants-and-the-wrath-of-the-wicked-wedgie-woman
Geronimo Stilton #13: The Phantom Of The Subway,https://www.bookchor.com/book/9780439994804/captain-underpants-and-the-wrath-of-the-wicked-wedgie-woman
Geronimo Stilton #4: Im Too Fond of My Fur!,https://www.bookchor.com/book/9780439994804/captain-underpants-and-the-wrath-of-the-wicked-wedgie-woman
The Enormous Pearl Heist,https://www.bookchor.com/book/9780439994804/captain-underpants-and-the-wrath-of-the-wicked-wedgie-woman
Geronimo Stilton #8: Attack Of The Bandit Cats,https://www.bookchor.com/book/9780439994804/captain-underpants-and-the-wrath-of-the-wicked-wedgie-woman
"Geronimo Stilton, Secret Agent",https://www.bookchor.com/book/9780439994804/captain-underpants-and-the-wrath-of-the-wicked-wedgie-woman
Geronimos Valentine,https://www.bookchor.com/book/9780439994804/captain-underpants-and-the-wrath-of-the-wicked-wedgie-woman
Ghost Pirate Treasure,https://www.bookchor.com/book/9780439994804/captain-underpants-and-the-wrath-of-the-wicked-wedgie-woman
The Giant Diamond Robbery,https://www.bookchor.com/book/9780439994804/captain-underpants-and-the-wrath-of-the-wicked-wedgie-woman
The Mona Mousa Code,https://www.bookchor.com/book/9780439661645/the-mona-mousa-code
The Mouse Island Marathon,https://www.bookchor.com/book/9780439661645/the-mona-mousa-code
The Mummy With No Name,https://www.bookchor.com/book/9780439661645/the-mona-mousa-code
The Race Across America,https://www.bookchor.com/book/9780439661645/the-mona-mousa-code
The Search For Sunken Treasure,https://www.bookchor.com/book/9780439661645/the-mona-mousa-code
Thea Stilton And The Mystery On The Orient Express,https://www.bookchor.com/book/9780439661645/the-mona-mousa-code
Thea Stilton and the Cherry Blossom Adventure,https://www.bookchor.com/book/9780439661645/the-mona-mousa-code
Thea Stilton And The Ice Treasure,https://www.bookchor.com/book/9780439661645/the-mona-mousa-code
Thea Stilton and the Princes Emerald,https://www.bookchor.com/book/9780439661645/the-mona-mousa-code
Thea Stilton and the Secret of the Old Castle,https://www.bookchor.com/book/9780439661645/the-mona-mousa-code
Diary Of A Wimpy Kid: The Last Straw,https://www.bookchor.com/book/9780439661645/the-mona-mousa-code
Diary of a Wimpy Kid   The Ugly Truth,https://www.bookchor.com/book/9780439661645/the-mona-mousa-code
Diary Of A Wimpy Kid: Rodrick Rules,https://www.bookchor.com/book/9780439661645/the-mona-mousa-code
Disney Frozen,https://www.bookchor.com/book/9780439661645/the-mona-mousa-code
Disney Planes Book of the Film,https://www.bookchor.com/book/9780439661645/the-mona-mousa-code
The Merchant of Venice,https://www.bookchor.com/book/9780439661645/the-mona-mousa-code
Romeo and Juliet,https://www.bookchor.com/book/9780439661645/the-mona-mousa-code
Diary Of A Wimpy Kid - Do-it-yourself Book,https://www.bookchor.com/book/9780439661645/the-mona-mousa-code
Diary Of A Wimpy Kid,https://www.bookchor.com/book/9780439661645/the-mona-mousa-code
Bloodline,https://www.bookchor.com/book/9780439661645/the-mona-mousa-code
I Am Sort of a Loser,https://www.bookchor.com/book/9781405268011/i-am-sort-of-a-loser
Diary of a Wimpy Kid: Hard Luck (Book 8),https://www.bookchor.com/book/9781405268011/i-am-sort-of-a-loser
Diary Of A Wimpy Kid - Cabin Fever,https://www.bookchor.com/book/9781405268011/i-am-sort-of-a-loser
Buddha 4  The Forest of Uruvela,https://www.bookchor.com/book/9781405268011/i-am-sort-of-a-loser
Buddha 5  Deer Park,https://www.bookchor.com/book/9781405268011/i-am-sort-of-a-loser
Buddha Vol-8 Jetavana,https://www.bookchor.com/book/9781405268011/i-am-sort-of-a-loser
Three Men in a Boat,https://www.bookchor.com/book/9781405268011/i-am-sort-of-a-loser
Munnu,https://www.bookchor.com/book/9781405268011/i-am-sort-of-a-loser
Thea Stilton Mouseford Academy #10: A Dream on Ice,https://www.bookchor.com/book/9781405268011/i-am-sort-of-a-loser
Corpokshetra: Mahabharata in the MBA yug,https://www.bookchor.com/book/9781405268011/i-am-sort-of-a-loser
Attack of the Dragons (Geronimo Stilton Micekings #1,https://www.bookchor.com/book/9781405268011/i-am-sort-of-a-loser
Thea Stilton #23: Thea Stilton And The Hollywood Hoax,https://www.bookchor.com/book/9781405268011/i-am-sort-of-a-loser
#22 Thea Stilton and the Tropical Treasure,https://www.bookchor.com/book/9781405268011/i-am-sort-of-a-loser
Geronimo Stilton Classic Tales: Little Women,https://www.bookchor.com/book/9781405268011/i-am-sort-of-a-loser
Geronimo Stilton - Spacemice#08 Away In A Star Sled,https://www.bookchor.com/book/9781405268011/i-am-sort-of-a-loser
Thea Stilton Mouseford Academy#11: Lights Camera Action!,https://www.bookchor.com/book/9781405268011/i-am-sort-of-a-loser
The Bad Guys,https://www.bookchor.com/book/9781405268011/i-am-sort-of-a-loser
The Hunchback of notre dame,https://www.bookchor.com/book/9781405268011/i-am-sort-of-a-loser
The Stone of Fire,https://www.bookchor.com/book/9781405268011/i-am-sort-of-a-loser
Thea Stilton and the Legend of the Fire Flowers,https://www.bookchor.com/book/9781405268011/i-am-sort-of-a-loser
Geronimo Stilton #55: The Golden Statue Plot,https://www.bookchor.com/book/9780545556293/geronimo-stilton-55-the-golden-statue-plot
"Help, Im in Hot Lava!",https://www.bookchor.com/book/9780545556293/geronimo-stilton-55-the-golden-statue-plot
Dork Diaries: TV Star,https://www.bookchor.com/book/9780545556293/geronimo-stilton-55-the-golden-statue-plot
"Graveyard Book Graphic Novel, Part 2",https://www.bookchor.com/book/9780545556293/geronimo-stilton-55-the-golden-statue-plot
HOW I TAUGHT MY GRANDMOTHER TO READ,https://www.bookchor.com/book/9780545556293/geronimo-stilton-55-the-golden-statue-plot
Hard Luck: Diary Of A Wimpy Kid (book 8),https://www.bookchor.com/book/9780545556293/geronimo-stilton-55-the-golden-statue-plot
Wrinkle in Time,https://www.bookchor.com/book/9780545556293/geronimo-stilton-55-the-golden-statue-plot
Kari,https://www.bookchor.com/book/9780545556293/geronimo-stilton-55-the-golden-statue-plot
Percy Jackson and the Lightning Thief: The Graphic Novel,https://www.bookchor.com/book/9780545556293/geronimo-stilton-55-the-golden-statue-plot
Diary of a Wimpy Kid 6,https://www.bookchor.com/book/9780545556293/geronimo-stilton-55-the-golden-statue-plot
Hard Luck,https://www.bookchor.com/book/9780545556293/geronimo-stilton-55-the-golden-statue-plot
Dork Diaries,https://www.bookchor.com/book/9780545556293/geronimo-stilton-55-the-golden-statue-plot
Landour Days,https://www.bookchor.com/book/9780545556293/geronimo-stilton-55-the-golden-statue-plot
Climb,https://www.bookchor.com/book/9780545556293/geronimo-stilton-55-the-golden-statue-plot
Awakening,https://www.bookchor.com/book/9780545556293/geronimo-stilton-55-the-golden-statue-plot
Dork Diaries: Once Upon a Dork Hardcover,https://www.bookchor.com/book/9780545556293/geronimo-stilton-55-the-golden-statue-plot
Discover The Diamond In You,https://www.bookchor.com/book/9780545556293/geronimo-stilton-55-the-golden-statue-plot
100 Tricks to Appear Smart in Meetings,https://www.bookchor.com/book/9780545556293/geronimo-stilton-55-the-golden-statue-plot
Geronimo Stilton - The Super Scam,https://www.bookchor.com/book/9780545556293/geronimo-stilton-55-the-golden-statue-plot
Ghost World,https://www.bookchor.com/book/9780545556293/geronimo-stilton-55-the-golden-statue-plot
The Marwaris: From Jagat Seth to the Birlas,https://www.bookchor.com/book/9780143424055/the-marwaris-from-jagat-seth-to-the-birlas
Peppa Pig: Fairy Tale Little Library,https://www.bookchor.com/book/9780143424055/the-marwaris-from-jagat-seth-to-the-birlas
A Brief History Of Time: From Big Bang To Black Holes,https://www.bookchor.com/book/9780143424055/the-marwaris-from-jagat-seth-to-the-birlas
Percy Jackson And The Sea Of Monsters: The Graphic Novel (Book 2),https://www.bookchor.com/book/9780143424055/the-marwaris-from-jagat-seth-to-the-birlas
The Last Gambit,https://www.bookchor.com/book/9780143424055/the-marwaris-from-jagat-seth-to-the-birlas
The Black Sheep,https://www.bookchor.com/book/9780143424055/the-marwaris-from-jagat-seth-to-the-birlas
"Small Giants: Companies That Choose to Be Great Instead of Big, 10th-Anniversary Edition",https://www.bookchor.com/book/9780143424055/the-marwaris-from-jagat-seth-to-the-birlas
The Gangster (Isaac Bell),https://www.bookchor.com/book/9780143424055/the-marwaris-from-jagat-seth-to-the-birlas
Radiant (The Diamond Trilogy),https://www.bookchor.com/book/9780143424055/the-marwaris-from-jagat-seth-to-the-birlas
The Secret Speech,https://www.bookchor.com/book/9780143424055/the-marwaris-from-jagat-seth-to-the-birlas
How The World Works,https://www.bookchor.com/book/9780143424055/the-marwaris-from-jagat-seth-to-the-birlas
How to Be a Mathemagician,https://www.bookchor.com/book/9780143424055/the-marwaris-from-jagat-seth-to-the-birlas
Bring Up the Bodies TV tie-in edition,https://www.bookchor.com/book/9780143424055/the-marwaris-from-jagat-seth-to-the-birlas
Indian Railways: The Weaving of a National Tapestry,https://www.bookchor.com/book/9780143424055/the-marwaris-from-jagat-seth-to-the-birlas
Globalization before its Time: Gujarati Traders in the Indian Ocean,https://www.bookchor.com/book/9780143424055/the-marwaris-from-jagat-seth-to-the-birlas
Mondays at Monster,https://www.bookchor.com/book/9780143424055/the-marwaris-from-jagat-seth-to-the-birlas
The Love Song of Miss Queenie Hennessy Or the letter that was never sent to Harold Fry,https://www.bookchor.com/book/9780143424055/the-marwaris-from-jagat-seth-to-the-birlas
Mrs Kimble,https://www.bookchor.com/book/9780143424055/the-marwaris-from-jagat-seth-to-the-birlas
Curious George Cleans Up (Curious George Early Readers),https://www.bookchor.com/book/9780143424055/the-marwaris-from-jagat-seth-to-the-birlas
The Eyes of the Eagle,https://www.bookchor.com/book/9780143424055/the-marwaris-from-jagat-seth-to-the-birlas
Geronimo Stilton - Micekings#03 Pull the Dragons Tooth!,https://www.bookchor.com/book/9789386106698/geronimo-stilton-micekings03-pull-the-dragons-tooth
Geronimo Stilton SE: The Journey Through Time#04 - Lost in Time,https://www.bookchor.com/book/9789386106698/geronimo-stilton-micekings03-pull-the-dragons-tooth
Darkspell (Deverry),https://www.bookchor.com/book/9789386106698/geronimo-stilton-micekings03-pull-the-dragons-tooth
The Secrets We Left Behind,https://www.bookchor.com/book/9789386106698/geronimo-stilton-micekings03-pull-the-dragons-tooth
Maximize Your Life: An Action Plan for The Indian Middle Class,https://www.bookchor.com/book/9789386106698/geronimo-stilton-micekings03-pull-the-dragons-tooth
The Deerslayer (Wordsworth Classics),https://www.bookchor.com/book/9789386106698/geronimo-stilton-micekings03-pull-the-dragons-tooth
The Path of Light,https://www.bookchor.com/book/9789386106698/geronimo-stilton-micekings03-pull-the-dragons-tooth
Everything Must Go,https://www.bookchor.com/book/9789386106698/geronimo-stilton-micekings03-pull-the-dragons-tooth
Lessons in Laughing Out Loud,https://www.bookchor.com/book/9789386106698/geronimo-stilton-micekings03-pull-the-dragons-tooth
Maximum Ride Forever: (Maximum Ride 9),https://www.bookchor.com/book/9789386106698/geronimo-stilton-micekings03-pull-the-dragons-tooth
A Time for Courage,https://www.bookchor.com/book/9789386106698/geronimo-stilton-micekings03-pull-the-dragons-tooth
The Adventures of Tintin Volume 3,https://www.bookchor.com/book/9789386106698/geronimo-stilton-micekings03-pull-the-dragons-tooth
The Beauty and the Beast,https://www.bookchor.com/book/9789386106698/geronimo-stilton-micekings03-pull-the-dragons-tooth
The 24-Hour Wine Expert,https://www.bookchor.com/book/9789386106698/geronimo-stilton-micekings03-pull-the-dragons-tooth
Raven`s Gate,https://www.bookchor.com/book/9789386106698/geronimo-stilton-micekings03-pull-the-dragons-tooth
Sleepyhead (Tom Thorne Novels),https://www.bookchor.com/book/9789386106698/geronimo-stilton-micekings03-pull-the-dragons-tooth
Man Whose Mother Was a Pirate,https://www.bookchor.com/book/9789386106698/geronimo-stilton-micekings03-pull-the-dragons-tooth
"The Romans: Gods, Emperors and Dormice",https://www.bookchor.com/book/9789386106698/geronimo-stilton-micekings03-pull-the-dragons-tooth
Geronimo Stilton Cavemice #12: Paws Off the Pearl!,https://www.bookchor.com/book/9789386106698/geronimo-stilton-micekings03-pull-the-dragons-tooth
Pirate Spacecat Attack (Geronimo Stilton Spacemice #10),https://www.bookchor.com/book/9789386106698/geronimo-stilton-micekings03-pull-the-dragons-tooth
Shopaholic Ties the Knot,https://www.bookchor.com/book/9780552773485/shopaholic-ties-the-knot
Barry Loser: I am Still Not a Loser (The Barry Loser Series Book 2),https://www.bookchor.com/book/9780552773485/shopaholic-ties-the-knot
Garfield Pocket Books: Who's Talking? (Garfield Pocket Books),https://www.bookchor.com/book/9780552773485/shopaholic-ties-the-knot
The Haunted Dinosaur (Creepella Von Cacklefur #9),https://www.bookchor.com/book/9780552773485/shopaholic-ties-the-knot
The 91-Storey Treehouse (The Treehouse Books),https://www.bookchor.com/book/9780552773485/shopaholic-ties-the-knot
The Helmet Holdup (Geronimo Stilton Micekings #6),https://www.bookchor.com/book/9780552773485/shopaholic-ties-the-knot
The Mouse Hoax,https://www.bookchor.com/book/9780552773485/shopaholic-ties-the-knot
Cyber-Thief Showdown (Geronimo Stilton #68),https://www.bookchor.com/book/9780552773485/shopaholic-ties-the-knot
Dork Diaries: Drama Queen,https://www.bookchor.com/book/9780552773485/shopaholic-ties-the-knot
Doctor Who: Winner Takes All,https://www.bookchor.com/book/9780552773485/shopaholic-ties-the-knot
Dork Diaries: Birthday Drama!,https://www.bookchor.com/book/9780552773485/shopaholic-ties-the-knot
Senior Moments: Uncensored: An indecently funny cartoon collection by Whyatt,https://www.bookchor.com/book/9780552773485/shopaholic-ties-the-knot
