Title,Price
Broken Ear,₹ 824
Castafiore Emerald,₹ 824
Crab With The Golden Claws,₹ 824
Red Sea Sharks,₹ 824
Secret of the Unicorn,₹ 824
Shooting Star,₹ 824
Disney High School Musical 2,₹ 74
Diary of a Soccer Star,₹ 189
"Frankenstein: Or, The Modern Prometheus",₹ 99
Akbar And Birbal,₹ 189
A Cheese Colored Camper,₹ 180
A Clan In Need,₹ 449
Adventures of Super Diaper Baby,₹ 99
"Big, Bad Battle of the Bionic Booger Boy",₹ 99
Captain Underpants,₹ 160
Captain Underpants and the Attack of the Talking Toilets,₹ 107
Captain Underpants and the Attack of the Talking Toilets a,₹ 235
Captain Underpants and the Invasion of the Incredibly Naught,₹ 99
Captain Underpants and the Perilous Plot of Professor Poopypants: 4 Paperback,₹ 99
Captain Underpants and the Preposterous Plight of the Purp,₹ 99
Captain Underpants And The Wrath Of The Wicked Wedgie Woman,₹ 99
Captain Underpants Extra crunchy Book O Fun,₹ 99
Catching Fire (Hunger Games),₹ 180
Catching Fire (Hunger Games),₹ 175
Christmas Star board book,₹ 180
Creep from the Deep,₹ 99
"Dates, Double Dates and Big, Big Trouble",₹ 107
Deadly Rumours,₹ 198
Dr Maniac Vs Robby Schwartz,₹ 87
Super Diaper Baby 2   The Invasion of the Potty Snatchers,₹ 160
Geronimo and the Gold Medal Mystery,₹ 327
#10: All Because of a Cup of Coffee,₹ 180
Geronimo Stilton #13: The Phantom Of The Subway,₹ 327
Geronimo Stilton #4: Im Too Fond of My Fur!,₹ 327
The Enormous Pearl Heist,₹ 180
Geronimo Stilton #8: Attack Of The Bandit Cats,₹ 180
"Geronimo Stilton, Secret Agent",₹ 327
Geronimos Valentine,₹ 327
Ghost Pirate Treasure,₹ 327
The Giant Diamond Robbery,₹ 327
The Mona Mousa Code,₹ 327
The Mouse Island Marathon,₹ 327
The Mummy With No Name,₹ 327
The Race Across America,₹ 180
The Search For Sunken Treasure,₹ 327
Thea Stilton And The Mystery On The Orient Express,₹ 327
Thea Stilton and the Cherry Blossom Adventure,₹ 327
Thea Stilton And The Ice Treasure,₹ 327
Thea Stilton and the Princes Emerald,₹ 327
Thea Stilton and the Secret of the Old Castle,₹ 327
Diary Of A Wimpy Kid: The Last Straw,₹ 160
Diary of a Wimpy Kid   The Ugly Truth,₹ 99
Diary Of A Wimpy Kid: Rodrick Rules,₹ 160
Disney Frozen,₹ 180
Disney Planes Book of the Film,₹ 125
The Merchant of Venice,₹ 154
Romeo and Juliet,₹ 130
Diary Of A Wimpy Kid - Do-it-yourself Book,₹ 160
Diary Of A Wimpy Kid,₹ 180
Bloodline,₹ 355
I Am Sort of a Loser,₹ 160
Diary of a Wimpy Kid: Hard Luck (Book 8),₹ 160
Diary Of A Wimpy Kid - Cabin Fever,₹ 180
Buddha 4  The Forest of Uruvela,₹ 599
Buddha 5  Deer Park,₹ 599
Buddha Vol-8 Jetavana,₹ 599
Three Men in a Boat,₹ 220
Munnu,₹ 674
Thea Stilton Mouseford Academy #10: A Dream on Ice,₹ 327
Corpokshetra: Mahabharata in the MBA yug,₹ 100
Attack of the Dragons (Geronimo Stilton Micekings #1,₹ 287
Thea Stilton #23: Thea Stilton And The Hollywood Hoax,₹ 327
#22 Thea Stilton and the Tropical Treasure,₹ 327
Geronimo Stilton Classic Tales: Little Women,₹ 327
Geronimo Stilton - Spacemice#08 Away In A Star Sled,₹ 287
Thea Stilton Mouseford Academy#11: Lights Camera Action!,₹ 327
The Bad Guys,₹ 287
The Hunchback of notre dame,₹ 115
The Stone of Fire,₹ 327
Thea Stilton and the Legend of the Fire Flowers,₹ 327
Geronimo Stilton #55: The Golden Statue Plot,₹ 327
"Help, Im in Hot Lava!",₹ 327
Dork Diaries: TV Star,₹ 160
"Graveyard Book Graphic Novel, Part 2",₹ 575
HOW I TAUGHT MY GRANDMOTHER TO READ,₹ 234
Hard Luck: Diary Of A Wimpy Kid (book 8),₹ 327
Wrinkle in Time,₹ 160
Kari,₹ 524
Percy Jackson and the Lightning Thief: The Graphic Novel,₹ 575
Diary of a Wimpy Kid 6,₹ 99
Hard Luck,₹ 180
Dork Diaries,₹ 175
Landour Days,₹ 220
Climb,₹ 200
Awakening,₹ 220
Dork Diaries: Once Upon a Dork Hardcover,₹ 115
Discover The Diamond In You,₹ 59
100 Tricks to Appear Smart in Meetings,₹ 524
Geronimo Stilton - The Super Scam,₹ 176
Ghost World,₹ 599
The Marwaris: From Jagat Seth to the Birlas,₹ 263
Peppa Pig: Fairy Tale Little Library,₹ 263
A Brief History Of Time: From Big Bang To Black Holes,₹ 285
Percy Jackson And The Sea Of Monsters: The Graphic Novel (Book 2),₹ 575
The Last Gambit,₹ 263
The Black Sheep,₹ 216
"Small Giants: Companies That Choose to Be Great Instead of Big, 10th-Anniversary Edition",₹ 1104
The Gangster (Isaac Bell),₹ 180
Radiant (The Diamond Trilogy),₹ 113
The Secret Speech,₹ 160
How The World Works,₹ 749
How to Be a Mathemagician,₹ 299
Bring Up the Bodies TV tie-in edition,₹ 175
Indian Railways: The Weaving of a National Tapestry,₹ 263
Globalization before its Time: Gujarati Traders in the Indian Ocean,₹ 338
Mondays at Monster,₹ 107
The Love Song of Miss Queenie Hennessy Or the letter that was never sent to Harold Fry,₹ 180
Mrs Kimble,₹ 107
Curious George Cleans Up (Curious George Early Readers),₹ 263
The Eyes of the Eagle,₹ 179
Geronimo Stilton - Micekings#03 Pull the Dragons Tooth!,₹ 287
Geronimo Stilton SE: The Journey Through Time#04 - Lost in Time,₹ 538
Darkspell (Deverry),₹ 200
The Secrets We Left Behind,₹ 160
Maximize Your Life: An Action Plan for The Indian Middle Class,₹ 128
The Deerslayer (Wordsworth Classics),₹ 152
The Path of Light,₹ 263
Everything Must Go,₹ 160
Lessons in Laughing Out Loud,₹ 200
Maximum Ride Forever: (Maximum Ride 9),₹ 115
A Time for Courage,₹ 160
The Adventures of Tintin Volume 3,₹ 1019
The Beauty and the Beast,₹ 2124
The 24-Hour Wine Expert,₹ 374
Raven`s Gate,₹ 180
Sleepyhead (Tom Thorne Novels),₹ 180
Man Whose Mother Was a Pirate,₹ 107
"The Romans: Gods, Emperors and Dormice",₹ 193
Geronimo Stilton Cavemice #12: Paws Off the Pearl!,₹ 287
Pirate Spacecat Attack (Geronimo Stilton Spacemice #10),₹ 287
Shopaholic Ties the Knot,₹ 180
Barry Loser: I am Still Not a Loser (The Barry Loser Series Book 2),₹ 160
Garfield Pocket Books: Who's Talking? (Garfield Pocket Books),₹ 107
The Haunted Dinosaur (Creepella Von Cacklefur #9),₹ 287
The 91-Storey Treehouse (The Treehouse Books),₹ 158
The Helmet Holdup (Geronimo Stilton Micekings #6),₹ 327
The Mouse Hoax,₹ 176
Cyber-Thief Showdown (Geronimo Stilton #68),₹ 178
Dork Diaries: Drama Queen,₹ 180
Doctor Who: Winner Takes All,₹ 135
Dork Diaries: Birthday Drama!,₹ 254
Senior Moments: Uncensored: An indecently funny cartoon collection by Whyatt,₹ 290
