,Bookname,bookprice
0,"Ncert Solutions Chemistry Class 11th (English, Paperback, Sharma Purnima M.A., B.Ed.)",₹ 225
1,Champions of Science,₹ 105
2,Necropolis,₹ 140
3,A hearo born,₹ 320
4,"Krav Maga For Beginners: A Step-by-Step Guide To The World's Easiest-to-Learn, Most-Effective Fitness And Fighting Program",₹ 674
5,Fabric of the Cosmos,₹ 647
6,Hidden Reality,₹ 501
7,Cosmo and the Secret Spell,₹ 115
8,Rocket Rider,₹ 107
9,Amazing Story of Adolphus Tips,₹ 130
10,Mia and the Too Big Tutu,₹ 189
11,Little Bears Friend,₹ 189
12,Fine Feathered Friends,₹ 263
13,Alices Adventures in Wonderland (Puffin Classics),₹ 180
14,Barkbelly,₹ 115
15,Life Before Man,₹ 180
